Workbook

Sheet 🏠 Dashboard
A1: CUSTOMER ONBOARDING TRACKER | Compliance Automation Platform
A5: Complete all [placeholder] fields before sharing with the customer
A7: CUSTOMER INFORMATION | H7: ONBOARDING CONTACTS
A8: Customer Name | B8: [Customer Organization] | H8: Customer Champion | I8: [Name — Title — Email]
A9: Target Framework(s) | B9: [SOC 2 / ISO 27001 / HIPAA / etc.] | H9: Technical Lead | I9: [Name — Title — Email]
A10: Subscription Tier | B10: [Starter / Growth / Enterprise] | H10: Exec Sponsor | I10: [Name — Title — Email]
A11: Onboarding Start | B11: [DD-MMM-YYYY] | H11: CSM (Platform) | I11: [Name — Email]
A12: Target Go-Live | B12: [DD-MMM-YYYY] | H12: Solutions Engineer | I12: [Name — Email]
A13: Contract End Date | B13: [DD-MMM-YYYY] | H13: Support Alias | I13: [support@platform.com]
A15: PHASE PROGRESS SUMMARY
A16: Phase | B16: Name | C16: Duration | D16: Total Tasks | E16: Complete | F16: In Progress | G16: Not Started | H16: Completion % | I16: Status
A17: Phase 1 | B17: Kickoff & Discovery | C17: Week 1–2 | D17: 7 | E17: =COUNTIF('📋 Phase 1'!G:G,"✅ Complete") -> 0 | F17: =COUNTIF('📋 Phase 1'!G:G,"🔄 In Progress") -> 0 | G17: =COUNTIF('📋 Phase 1'!G:G,"⬜ Not Started") -> 7 | H17: =IFERROR(E17/D17,0) -> 0 | I17: =IF(H17=1,"✅ Complete",IF(H17>=0.5,"🔄 On Track",IF(H17>0,"⚠️ At Risk","⬜ Not Started"))) -> ⬜ Not Started
A18: Phase 2 | B18: Platform Setup & Integration | C18: Week 3–5 | D18: 8 | E18: =COUNTIF('📋 Phase 2'!G:G,"✅ Complete") -> 0 | F18: =COUNTIF('📋 Phase 2'!G:G,"🔄 In Progress") -> 0 | G18: =COUNTIF('📋 Phase 2'!G:G,"⬜ Not Started") -> 8 | H18: =IFERROR(E18/D18,0) -> 0 | I18: =IF(H18=1,"✅ Complete",IF(H18>=0.5,"🔄 On Track",IF(H18>0,"⚠️ At Risk","⬜ Not Started"))) -> ⬜ Not Started
A19: Phase 3 | B19: Control Implementation & Training | C19: Week 6–9 | D19: 8 | E19: =COUNTIF('📋 Phase 3'!G:G,"✅ Complete") -> 0 | F19: =COUNTIF('📋 Phase 3'!G:G,"🔄 In Progress") -> 0 | G19: =COUNTIF('📋 Phase 3'!G:G,"⬜ Not Started") -> 8 | H19: =IFERROR(E19/D19,0) -> 0 | I19: =IF(H19=1,"✅ Complete",IF(H19>=0.5,"🔄 On Track",IF(H19>0,"⚠️ At Risk","⬜ Not Started"))) -> ⬜ Not Started
A20: Phase 4 | B20: Audit Readiness & Handover | C20: Week 10–12 | D20: 8 | E20: =COUNTIF('📋 Phase 4'!G:G,"✅ Complete") -> 0 | F20: =COUNTIF('📋 Phase 4'!G:G,"🔄 In Progress") -> 0 | G20: =COUNTIF('📋 Phase 4'!G:G,"⬜ Not Started") -> 8 | H20: =IFERROR(E20/D20,0) -> 0 | I20: =IF(H20=1,"✅ Complete",IF(H20>=0.5,"🔄 On Track",IF(H20>0,"⚠️ At Risk","⬜ Not Started"))) -> ⬜ Not Started
A21: OVERALL ONBOARDING COMPLETION | D21: =SUM(D17:D20) -> 31 | E21: =SUM(E17:E20) -> 0 | F21: =SUM(F17:F20) -> 0 | G21: =SUM(G17:G20) -> 31 | H21: =IFERROR(E21/D21,0) -> 0 | I21: =IF(H21=1,"✅ Onboarding Complete",IF(H21>=0.75,"🔄 On Track","⚠️ Needs Attention")) -> ⚠️ Needs Attention
A23: KEY MILESTONES
A24: # | B24: Milestone | C24: Target Date | D24: Actual Date | E24: Owner | F24: Status | G24: Notes
A25: M1 | B25: Kickoff call completed & onboarding plan signed | C25: [Week 1] | E25: [CSM] | F25: ⬜ Not Started
A26: M2 | B26: Platform tenant provisioned & SSO configured | C26: [Week 2] | E26: [SE] | F26: ⬜ Not Started
A27: M3 | B27: All integrations live & evidence collection active | C27: [Week 5] | E27: [SE] | F27: ⬜ Not Started
A28: M4 | B28: 100% controls mapped with owners assigned | C28: [Week 7] | E28: [Champion] | F28: ⬜ Not Started
A29: M5 | B29: Employee training >90% completion | C29: [Week 9] | E29: [CSM] | F29: ⬜ Not Started
A30: M6 | B30: Audit-ready evidence package compiled | C30: [Week 11] | E30: [CSM] | F30: ⬜ Not Started
A31: M7 | B31: Auditor portal configured & read-only access shared | C31: [Week 11] | E31: [SE] | F31: ⬜ Not Started
A32: M8 | B32: Go-live sign-off received from customer | C32: [Week 12] | E32: [CSM] | F32: ⬜ Not Started

Sheet 📋 Phase 1
A1: PHASE 1 — Kickoff & Discovery | Week 1–2
A5: # | B5: Activity / Task | C5: Category | D5: Owner | E5: Start Week | F5: End Week | G5: Status | H5: Priority | I5: Notes / Blockers | J5: Evidence / Artifact | K5: Completion %
A6: 1.1 | B6: Executive kickoff call — align on goals, timelines, success metrics | C6: Kickoff | D6: [CSM] | E6: 1 | F6: 1 | G6: ⬜ Not Started | H6: 🔴 High | J6: [Meeting notes, signed onboarding plan] | K6: =IF(G6="✅ Complete",1,IF(G6="🔄 In Progress",0.5,0)) -> 0
A7: 1.2 | B7: Technical discovery session — inventory tech stack & integration readiness | C7: Discovery | D7: [SE] | E7: 1 | F7: 1 | G7: ⬜ Not Started | H7: 🔴 High | J7: [Tech stack inventory sheet] | K7: =IF(G7="✅ Complete",1,IF(G7="🔄 In Progress",0.5,0)) -> 0
A8: 1.3 | B8: Identify & confirm compliance champion, tech owner, executive sponsor | C8: Stakeholders | D8: [CSM] | E8: 1 | F8: 1 | G8: ⬜ Not Started | H8: 🔴 High | J8: [RACI sign-off email] | K8: =IF(G8="✅ Complete",1,IF(G8="🔄 In Progress",0.5,0)) -> 0
A9: 1.4 | B9: Provision platform tenant — configure SSO and initial user roles | C9: Setup | D9: [SE] | E9: 1 | F9: 2 | G9: ⬜ Not Started | H9: 🔴 High | J9: [Tenant URL + admin credentials] | K9: =IF(G9="✅ Complete",1,IF(G9="🔄 In Progress",0.5,0)) -> 0
A10: 1.5 | B10: Send onboarding checklist and assign workstream owners | C10: Admin | D10: [CSM] | E10: 1 | F10: 1 | G10: ⬜ Not Started | H10: 🟡 Medium | J10: [Checklist shared via email/Slack] | K10: =IF(G10="✅ Complete",1,IF(G10="🔄 In Progress",0.5,0)) -> 0
A11: 1.6 | B11: Initial gap assessment walkthrough — review current compliance posture | C11: Assessment | D11: [CSM + SE] | E11: 2 | F11: 2 | G11: ⬜ Not Started | H11: 🔴 High | J11: [Gap assessment report] | K11: =IF(G11="✅ Complete",1,IF(G11="🔄 In Progress",0.5,0)) -> 0
A12: 1.7 | B12: Share this onboarding tracker with customer champion for alignment | C12: Admin | D12: [CSM] | E12: 2 | F12: 2 | G12: ⬜ Not Started | H12: 🟡 Medium | J12: [Shared tracker link / email] | K12: =IF(G12="✅ Complete",1,IF(G12="🔄 In Progress",0.5,0)) -> 0
A13: PHASE TOTALS — 7 Tasks | G13: =COUNTIF(G6:G12,"✅ Complete")&" Complete" -> 0 Complete | H13: =COUNTIF(H6:H12,"🔴 High")&" High Priority" -> 5 High Priority | K13: =IFERROR(COUNTIF(G6:G12,"✅ Complete")/(7),0) -> 0

Sheet 📋 Phase 2
A1: PHASE 2 — Platform Setup & Integration | Week 3–5
A5: # | B5: Activity / Task | C5: Category | D5: Owner | E5: Start Week | F5: End Week | G5: Status | H5: Priority | I5: Notes / Blockers | J5: Evidence / Artifact | K5: Completion %
A6: 2.1 | B6: Connect cloud integration — AWS / GCP / Azure (auto-evidence collection) | C6: Integration | D6: [SE] | E6: 3 | F6: 3 | G6: ⬜ Not Started | H6: 🔴 High | J6: [Integration status screenshot] | K6: =IF(G6="✅ Complete",1,IF(G6="🔄 In Progress",0.5,0)) -> 0
A7: 2.2 | B7: Configure IdP integration (Okta / Azure AD / Google Workspace) | C7: Integration | D7: [SE + Tech Lead] | E7: 3 | F7: 4 | G7: ⬜ Not Started | H7: 🔴 High | J7: [IdP connection confirmed] | K7: =IF(G7="✅ Complete",1,IF(G7="🔄 In Progress",0.5,0)) -> 0
A8: 2.3 | B8: Set up MDM connector (Jamf / Intune / Kandji) for endpoint compliance | C8: Integration | D8: [SE + Tech Lead] | E8: 3 | F8: 4 | G8: ⬜ Not Started | H8: 🟡 Medium | J8: [MDM sync active] | K8: =IF(G8="✅ Complete",1,IF(G8="🔄 In Progress",0.5,0)) -> 0
A9: 2.4 | B9: Connect HRMS / People Ops tool for employee training sync | C9: Integration | D9: [SE + Tech Lead] | E9: 4 | F9: 4 | G9: ⬜ Not Started | H9: 🟡 Medium | J9: [HRMS sync confirmed, employee list imported] | K9: =IF(G9="✅ Complete",1,IF(G9="🔄 In Progress",0.5,0)) -> 0
A10: 2.5 | B10: Import & map organizational structure (departments, teams, roles) | C10: Configuration | D10: [Champion] | E10: 4 | F10: 5 | G10: ⬜ Not Started | H10: 🟡 Medium | J10: [Org chart in platform] | K10: =IF(G10="✅ Complete",1,IF(G10="🔄 In Progress",0.5,0)) -> 0
A11: 2.6 | B11: Configure framework scope — select applicable controls for target framework | C11: Configuration | D11: [Champion + SE] | E11: 4 | F11: 5 | G11: ⬜ Not Started | H11: 🔴 High | J11: [Scope document signed off] | K11: =IF(G11="✅ Complete",1,IF(G11="🔄 In Progress",0.5,0)) -> 0
A12: 2.7 | B12: Upload existing policies; run AI-assisted policy gap analysis | C12: Policy | D12: [Champion] | E12: 5 | F12: 5 | G12: ⬜ Not Started | H12: 🔴 High | J12: [Policies uploaded, gap report reviewed] | K12: =IF(G12="✅ Complete",1,IF(G12="🔄 In Progress",0.5,0)) -> 0
A13: 2.8 | B13: Configure evidence collection schedules and data retention settings | C13: Configuration | D13: [SE] | E13: 5 | F13: 5 | G13: ⬜ Not Started | H13: 🟡 Medium | J13: [Collection schedule configured] | K13: =IF(G13="✅ Complete",1,IF(G13="🔄 In Progress",0.5,0)) -> 0
A14: PHASE TOTALS — 8 Tasks | G14: =COUNTIF(G6:G13,"✅ Complete")&" Complete" -> 0 Complete | H14: =COUNTIF(H6:H13,"🔴 High")&" High Priority" -> 4 High Priority | K14: =IFERROR(COUNTIF(G6:G13,"✅ Complete")/(8),0) -> 0

Sheet 📋 Phase 3
A1: PHASE 3 — Control Implementation & Training | Week 6–9
A5: # | B5: Activity / Task | C5: Category | D5: Owner | E5: Start Week | F5: End Week | G5: Status | H5: Priority | I5: Notes / Blockers | J5: Evidence / Artifact | K5: Completion %
A6: 3.1 | B6: Control mapping — assign each in-scope control to an owner | C6: Controls | D6: [Champion] | E6: 6 | F6: 7 | G6: ⬜ Not Started | H6: 🔴 High | J6: [Control ownership matrix] | K6: =IF(G6="✅ Complete",1,IF(G6="🔄 In Progress",0.5,0)) -> 0
A7: 3.2 | B7: Validate auto-evidence collection is working for each control | C7: Controls | D7: [SE + Champion] | E7: 6 | F7: 7 | G7: ⬜ Not Started | H7: 🔴 High | J7: [Evidence collection audit log] | K7: =IF(G7="✅ Complete",1,IF(G7="🔄 In Progress",0.5,0)) -> 0
A8: 3.3 | B8: Policy acknowledgment campaign — launch employee sign-off workflows | C8: Policy | D8: [Champion] | E8: 7 | F8: 8 | G8: ⬜ Not Started | H8: 🔴 High | J8: [Acknowledgment completion report] | K8: =IF(G8="✅ Complete",1,IF(G8="🔄 In Progress",0.5,0)) -> 0
A9: 3.4 | B9: Security awareness training — assign, launch, and track completion | C9: Training | D9: [CSM + Champion] | E9: 7 | F9: 9 | G9: ⬜ Not Started | H9: 🔴 High | J9: [Training completion report >90%] | K9: =IF(G9="✅ Complete",1,IF(G9="🔄 In Progress",0.5,0)) -> 0
A10: 3.5 | B10: Vendor / TPRM — import vendor list and send risk assessments | C10: TPRM | D10: [Champion] | E10: 8 | F10: 9 | G10: ⬜ Not Started | H10: 🟡 Medium | J10: [Vendor assessments sent & tracked] | K10: =IF(G10="✅ Complete",1,IF(G10="🔄 In Progress",0.5,0)) -> 0
A11: 3.6 | B11: Risk register setup — document risks, likelihood, impact, treatment plans | C11: Risk | D11: [Champion] | E11: 8 | F11: 9 | G11: ⬜ Not Started | H11: 🔴 High | J11: [Risk register populated & reviewed] | K11: =IF(G11="✅ Complete",1,IF(G11="🔄 In Progress",0.5,0)) -> 0
A12: 3.7 | B12: Internal audit readiness walkthrough — identify and assign evidence gaps | C12: Audit | D12: [CSM + Champion] | E12: 9 | F12: 9 | G12: ⬜ Not Started | H12: 🔴 High | J12: [Gap list with owner & due date] | K12: =IF(G12="✅ Complete",1,IF(G12="🔄 In Progress",0.5,0)) -> 0
A13: 3.8 | B13: Close all open evidence gaps from internal walkthrough | C13: Audit | D13: [Champion] | E13: 9 | F13: 9 | G13: ⬜ Not Started | H13: 🟡 Medium | J13: [All gaps resolved or risk-accepted] | K13: =IF(G13="✅ Complete",1,IF(G13="🔄 In Progress",0.5,0)) -> 0
A14: PHASE TOTALS — 8 Tasks | G14: =COUNTIF(G6:G13,"✅ Complete")&" Complete" -> 0 Complete | H14: =COUNTIF(H6:H13,"🔴 High")&" High Priority" -> 6 High Priority | K14: =IFERROR(COUNTIF(G6:G13,"✅ Complete")/(8),0) -> 0

Sheet 📋 Phase 4
A1: PHASE 4 — Audit Readiness & Handover | Week 10–12
A5: # | B5: Activity / Task | C5: Category | D5: Owner | E5: Start Week | F5: End Week | G5: Status | H5: Priority | I5: Notes / Blockers | J5: Evidence / Artifact | K5: Completion %
A6: 4.1 | B6: Generate full compliance readiness report — review platform trust score | C6: Audit | D6: [CSM + Champion] | E6: 10 | F6: 10 | G6: ⬜ Not Started | H6: 🔴 High | J6: [Readiness report (>85% score)] | K6: =IF(G6="✅ Complete",1,IF(G6="🔄 In Progress",0.5,0)) -> 0
A7: 4.2 | B7: Configure auditor portal — set up read-only auditor access | C7: Audit | D7: [SE] | E7: 10 | F7: 10 | G7: ⬜ Not Started | H7: 🔴 High | J7: [Auditor login confirmed] | K7: =IF(G7="✅ Complete",1,IF(G7="🔄 In Progress",0.5,0)) -> 0
A8: 4.3 | B8: Export evidence package — compile complete audit artifact bundle | C8: Audit | D8: [Champion] | E8: 10 | F8: 11 | G8: ⬜ Not Started | H8: 🔴 High | J8: [Evidence bundle ZIP / folder link] | K8: =IF(G8="✅ Complete",1,IF(G8="🔄 In Progress",0.5,0)) -> 0
A9: 4.4 | B9: Review and close all open exceptions and remediation items | C9: Audit | D9: [Champion] | E9: 11 | F9: 11 | G9: ⬜ Not Started | H9: 🔴 High | J9: [Exceptions log — all resolved/accepted] | K9: =IF(G9="✅ Complete",1,IF(G9="🔄 In Progress",0.5,0)) -> 0
A10: 4.5 | B10: Customer admin training — platform admin, user management, reporting | C10: Training | D10: [SE + CSM] | E10: 11 | F10: 12 | G10: ⬜ Not Started | H10: 🟡 Medium | J10: [Training recording + user guide] | K10: =IF(G10="✅ Complete",1,IF(G10="🔄 In Progress",0.5,0)) -> 0
A11: 4.6 | B11: Introduce ongoing success model — QBR cadence, support channels, SLAs | C11: Handover | D11: [CSM] | E11: 12 | F11: 12 | G11: ⬜ Not Started | H11: 🟡 Medium | J11: [Ongoing success playbook shared] | K11: =IF(G11="✅ Complete",1,IF(G11="🔄 In Progress",0.5,0)) -> 0
A12: 4.7 | B12: Formal go-live sign-off — customer signature on onboarding completion | C12: Handover | D12: [CSM + Champion] | E12: 12 | F12: 12 | G12: ⬜ Not Started | H12: 🔴 High | J12: [Signed go-live acceptance form] | K12: =IF(G12="✅ Complete",1,IF(G12="🔄 In Progress",0.5,0)) -> 0
A13: 4.8 | B13: Transition to steady-state success — hand off to ongoing CSM rhythm | C13: Handover | D13: [CSM] | E13: 12 | F13: 12 | G13: ⬜ Not Started | H13: 🟡 Medium | J13: [First QBR date scheduled] | K13: =IF(G13="✅ Complete",1,IF(G13="🔄 In Progress",0.5,0)) -> 0
A14: PHASE TOTALS — 8 Tasks | G14: =COUNTIF(G6:G13,"✅ Complete")&" Complete" -> 0 Complete | H14: =COUNTIF(H6:H13,"🔴 High")&" High Priority" -> 5 High Priority | K14: =IFERROR(COUNTIF(G6:G13,"✅ Complete")/(8),0) -> 0

Sheet 👥 RACI
A1: RACI MATRIX — Roles & Responsibilities
A4: R | B4: Responsible | C4: A | D4: Accountable | E4: C | F4: Consulted | G4: I | H4: Informed
A6: # | B6: Activity | C6: Phase | D6: CSM | E6: Solutions Engineer | F6: Customer Champion | G6: Tech Lead | H6: Exec Sponsor | I6: Notes
A7: 1 | B7: Executive kickoff call | C7: Phase 1 | D7: R/A | E7: C | F7: R | G7: C | H7: I | I7: Champion attends; Exec reviews output
A8: 2 | B8: Tenant provisioning & SSO | C8: Phase 1 | D8: A | E8: R | F8: I | G8: C | H8: I | I8: SE leads; champion provides IdP details
A9: 3 | B9: Tech stack discovery & integration map | C9: Phase 1 | D9: C | E9: R/A | F9: C | G9: R | H9: I | I9: Tech lead provides credentials
A10: 4 | B10: Cloud integration setup | C10: Phase 2 | D10: I | E10: R/A | F10: C | G10: R | H10: I | I10: IAM roles needed from customer cloud
A11: 5 | B11: IdP & HRMS integration | C11: Phase 2 | D11: I | E11: R/A | F11: C | G11: R | H11: I | I11: IdP admin access from customer IT
A12: 6 | B12: Framework scope definition | C12: Phase 2 | D12: C | E12: C | F12: R/A | G12: C | H12: I | I12: Champion owns scope sign-off
A13: 7 | B13: Policy upload & gap analysis | C13: Phase 2 | D13: C | E13: R | F13: R/A | G13: I | H13: I | I13: Champion provides existing policies
A14: 8 | B14: Control ownership assignment | C14: Phase 3 | D14: A | E14: I | F14: R | G14: C | H14: I | I14: Champion assigns to dept owners
A15: 9 | B15: Evidence collection validation | C15: Phase 3 | D15: C | E15: R/A | F15: I | G15: R | H15: I | I15: SE verifies; tech lead checks gaps
A16: 10 | B16: Policy acknowledgment campaign | C16: Phase 3 | D16: A | E16: I | F16: R | G16: C | H16: I | I16: HR/Ops team coordinates internally
A17: 11 | B17: Employee security training | C17: Phase 3 | D17: A | E17: I | F17: R | G17: C | H17: I | I17: Target: >90% completion by Week 9
... A23: 17 | B23: Go-live sign-off | C23: Phase 4 | D23: A | E23: C | F23: R | G23: C | H23: R | I23: Executive sponsor approves go-live

Sheet 📊 KPIs & Metrics
A1: SUCCESS METRICS & HEALTH INDICATORS
A5: # | B5: Metric | C5: Category | D5: Target | E5: Measure By | F5: Actual Value | G5: Status | H5: Trend | I5: Owner | J5: Notes
A6: K1 | B6: Platform login — minimum 3 unique users | C6: Adoption | D6: By end Week 1 | E6: Week 1 | G6: ⬜ | I6: [CSM]
A7: K2 | B7: Integration connections active | C7: Integration | D7: 100% of mapped tools | E7: Week 5 | G7: ⬜ | I7: [SE]
A8: K3 | B8: Auto-evidence collection rate | C8: Evidence | D8: >80% automated | E8: Week 8 | G8: ⬜ | I8: [SE]
A9: K4 | B9: Controls mapped to owners | C9: Controls | D9: 100% in-scope controls | E9: Week 7 | G9: ⬜ | I9: [Champion]
A10: K5 | B10: Policy acknowledgment rate (employees) | C10: Policy | D10: >90% employee sign-off | E10: Week 9 | G10: ⬜ | I10: [CSM]
A11: K6 | B11: Security awareness training completion | C11: Training | D11: >95% employees | E11: Week 9 | G11: ⬜ | I11: [CSM]
A12: K7 | B12: Vendor assessments sent (Tier 1 vendors) | C12: TPRM | D12: 100% Tier 1 vendors | E12: Week 10 | G12: ⬜ | I12: [Champion]
A13: K8 | B13: Open risk items in risk register | C13: Risk | D13: <10 open / high risks | E13: Week 9 | G13: ⬜ | I13: [Champion]
A14: K9 | B14: Platform trust score / audit readiness % | C14: Audit | D14: >85% readiness score | E14: Week 12 | G14: ⬜ | I14: [CSM]
A15: K10 | B15: Time-to-first-audit from go-live | C15: Audit | D15: <90 days from go-live | E15: Post go-live | G15: ⬜ | I15: [CSM]
A16: K11 | B16: Customer NPS / onboarding satisfaction score | C16: Experience | D16: >8 / 10 | E16: Week 12 | G16: ⬜ | I16: [CSM]

Sheet ⚠️ Risk Register
A1: ONBOARDING RISK REGISTER
A5: ID | B5: Risk Description | C5: Category | D5: Likelihood | E5: Impact | F5: Risk Score | G5: Mitigation Action | H5: Owner | I5: Status | J5: Resolution / Notes
A6: R01 | B6: Delayed integration credentials from customer IT team | C6: Technical | D6: Medium | E6: High | F6: 6 | G6: Request credentials at kickoff call; SE to escalate if not received by Day 5 | H6: [SE] | I6: Open
A7: R02 | B7: Low employee training / policy acknowledgment completion | C7: People | D7: Medium | E7: Medium | F7: 4 | G7: Weekly reminder cadence; CSM to engage HR/Ops champion directly | H7: [CSM] | I7: Open
A8: R03 | B8: Scope creep — additional frameworks added mid-onboarding | C8: Scope | D8: Low | E8: High | F8: 3 | G8: Formal change request process; any scope additions require addendum & revised timeline | H8: [CSM + AE] | I8: Open
A9: R04 | B9: Key customer champion leaves during onboarding | C9: Stakeholder | D9: Low | E9: High | F9: 3 | G9: Multi-thread all relationships; document all key decisions and commitments | H9: [CSM] | I9: Open
A10: R05 | B10: Audit date pulled forward by customer | C10: Timeline | D10: Low | E10: High | F10: 3 | G10: Maintain 2-week buffer in plan; prioritize Tier 1 evidence and critical controls | H10: [CSM] | I10: Open
A11: R06 | B11: Platform integration failure (API breaking change) | C11: Technical | D11: Low | E11: High | F11: 3 | G11: SE monitors integration health daily during Phase 2; escalate to engineering if needed | H11: [SE] | I11: Open
A12: R07 | B12: Evidence gaps not resolved before audit | C12: Compliance | D12: Medium | E12: High | F12: 6 | G12: Weekly evidence gap review from Week 6; assign each gap a due date and owner | H12: [Champion] | I12: Open
A13: R08 | B13: Vendor assessments not returned by Tier 1 vendors | C13: TPRM | D13: Medium | E13: Medium | F13: 4 | G13: Send reminders at 5, 10, 15 days; risk-accept with justification if no response | H13: [Champion] | I13: Open

Sheet 💬 Comms Log
A1: COMMUNICATION LOG & MEETING TRACKER
A5: Date | B5: Meeting / Touchpoint | C5: Type | D5: Attendees | E5: Key Decisions | F5: Action Items | G5: Owner | H5: Due Date
A6: [Week 1] | B6: Executive Kickoff Call | C6: Kickoff | D6: [CSM + SE + Champion + Exec] | E6: [Align on goals, timeline, success metrics] | F6: [Share onboarding tracker; send integration checklist] | G6: [CSM] | H6: [Week 1]
A7: [Week 1] | B7: Technical Discovery Session | C7: Technical Check-in | D7: [SE + Tech Lead] | E7: [Map tech stack, identify integration owners] | F7: [Request cloud IAM credentials and IdP details] | G7: [SE] | H7: [Week 1]
A8: [Week 2] | B8: Onboarding Weekly Sync #1 | C8: Weekly Sync | D8: [CSM + Champion] | E8: [Review kickoff actions, confirm tenant provisioning] | F8: [Close gap assessment; assign control owners] | G8: [CSM] | H8: [Week 2]
A9: [Week 3] | B9: Onboarding Weekly Sync #2 | C9: Weekly Sync | D9: [CSM + Champion] | G9: [CSM] | H9: [Week 3]
A10: [Week 4] | B10: Onboarding Weekly Sync #3 | C10: Weekly Sync | D10: [CSM + Champion] | G10: [CSM] | H10: [Week 4]
A11: [Week 5] | B11: Integration Health Check | C11: Technical Check-in | D11: [SE + Tech Lead] | G11: [SE] | H11: [Week 5]
A12: [Week 6] | B12: Onboarding Weekly Sync #4 | C12: Weekly Sync | D12: [CSM + Champion] | G12: [CSM] | H12: [Week 6]
A13: [Week 8] | B13: Monthly Executive Update #1 | C13: Exec Update | D13: [CSM + Exec Sponsor] | G13: [CSM] | H13: [Week 8]
A14: [Week 9] | B14: Internal Audit Readiness Review | C14: Weekly Sync | D14: [CSM + SE + Champion] | G14: [CSM] | H14: [Week 9]
A15: [Week 10] | B15: Audit Package Review | C15: Technical Check-in | D15: [SE + Champion] | G15: [SE] | H15: [Week 10]
A16: [Week 12] | B16: Go-Live Review & Sign-Off | C16: Weekly Sync | D16: [CSM + Champion + Exec] | G16: [CSM] | H16: [Week 12]
